<?xml version="1.0" encoding="UTF-8"?>

<web-app 
xmlns="http://xmlns.jcp.org/xml/ns/javaee"  
xmlns:xsi="http://www.w3.org/2001/XMLSchema-instance" 
xsi:schemaLocation="http://xmlns.jcp.org/xml/ns/javaee 
http://xmlns.jcp.org/xml/ns/javaee/web-app_3_1.xsd" version="3.1">


	<error-page>
		<error-code>404</error-code>
		<location>/source05/error/error404.jsp</location>
	</error-page>
	<error-page>
		<error-code>500</error-code>
		<location>/source05/error/error500.jsp</location>
	</error-page>
	<error-page>
		<exception-type>java.lang.NullPointerException</exception-type>
		<location>/source05/error/NullPointer.jsp</location>
	</error-page>


</web-app>
